variable,value,oh,merge_time_ms,capillary_time_ms,viscous_time_ms,equivalent_radius_mm,omega2_rad_s,beta2_s_inv,period_ms,damping_time_ms,oscillations_until_1e
radius_mm,0.6,0.004818485400289864,1.8305360115040448,1.7294507798720375,0.008333333333333331,0.7559526299369239,1156.4364960695673,8.77577907259886,5.433386314452023,113.94999711448523,20.972187604513724
radius_mm,0.8,0.004172930764415451,2.813448074533158,2.6626636621582116,0.01111111111111111,1.0079368399158986,751.1275375947813,4.936375728336858,8.36518525057369,202.57777264797377,24.21677064881269
radius_mm,1.0,0.0037323827418532444,3.8863323427788514,3.7211855936276845,0.013888888888888886,1.2599210498948732,537.4631148268671,3.1592804661355895,11.690651295739128,316.527769762459,27.075289627176144
radius_mm,1.2000000000000002,0.003407183701593338,5.1059150712929835,4.891625496703525,0.016666666666666666,1.5119052598738478,408.8620441912006,2.1939447681497146,15.36771597301041,455.799988457941,29.65957916312619
radius_mm,1.4,0.003154439154552556,6.383079071387632,6.16415264069424,0.01944444444444444,1.7638894698528225,324.4565987539772,1.6118777888446885,19.36549562651737,620.3944287344196,32.03607285345733
radius_mm,1.6,0.0029507076409401294,7.856349203239162,7.531150126124311,0.02222222222222222,2.015873679831797,265.56368768461164,1.2340939320842146,23.66006138364374,810.3110905918951,34.24805529676542
